-- Manosaba_Modifier
-- Author: Rin
-- DateCreated: 1/16/2026 8:30:30 PM
--------------------------------------------------------------

INSERT INTO TraitModifiers 
		(TraitType,								ModifierId) 
VALUES	('TRAIT_CIVILIZATION_MANOSABA_PRISON_ISLAND', 'MODIFIER_MANOSABA_PALACE_ADD_SLOT');

INSERT INTO Modifiers 
		(ModifierId,								ModifierType		)									
VALUES	('MODIFIER_MANOSABA_PALACE_ADD_SLOT',		'MODIFIER_PLAYER_CITIES_ADJUST_EXTRA_GREAT_WORK_SLOTS');


INSERT INTO ModifierArguments 
		(ModifierId,							Name,						Value) 
VALUES	('MODIFIER_MANOSABA_PALACE_ADD_SLOT',	'Amount',					3), 
		('MODIFIER_MANOSABA_PALACE_ADD_SLOT',	'BuildingType',				'BUILDING_PALACE'), 
		('MODIFIER_MANOSABA_PALACE_ADD_SLOT',	'GreatWorkSlotType',		'GREATWORKSLOT_RELIC');

INSERT INTO DistrictModifiers (DistrictType, ModifierId) VALUES 
("DISTRICT_MANOSABA_COURT", "MANOSABA_DISTRICT_COURT_YIELD_CULTURE_MODIFIER");

INSERT INTO Modifiers (ModifierId, ModifierType, RunOnce, Permanent, NewOnly, OwnerRequirementSetId, SubjectRequirementSetId) VALUES 
("MANOSABA_DISTRICT_COURT_YIELD_CULTURE_MODIFIER", "MODIFIER_PLAYER_DISTRICT_ADJUST_BASE_YIELD_CHANGE", 0, 0, 0, NULL, NULL);

INSERT INTO ModifierArguments (ModifierId, Name, Value) VALUES 
("MANOSABA_DISTRICT_COURT_YIELD_CULTURE_MODIFIER", "Amount", 3), 
("MANOSABA_DISTRICT_COURT_YIELD_CULTURE_MODIFIER", "YieldType", "YIELD_CULTURE");


-- sherry wonder build production adjust
INSERT INTO TraitModifiers (TraitType, ModifierId) VALUES 
('TRAIT_LEADER_MANOSABA_STRENGTH', 'MODIFIER_TRAIT_LEADER_MANOSABA_STRENGTH');

INSERT INTO Modifiers (ModifierId, ModifierType, RunOnce, Permanent, NewOnly, OwnerRequirementSetId, SubjectRequirementSetId) VALUES 
('MODIFIER_TRAIT_LEADER_MANOSABA_STRENGTH', 'MODIFIER_PLAYER_CITIES_ADJUST_WONDER_PRODUCTION', 0, 0, 0, NULL, NULL);

INSERT INTO ModifierArguments (ModifierId, Name, Value) VALUES 
('MODIFIER_TRAIT_LEADER_MANOSABA_STRENGTH', 'Amount', '30');

-- sherry wonder build accelerate
INSERT INTO TraitModifiers (TraitType, ModifierId) VALUES 
('TRAIT_LEADER_MANOSABA_STRENGTH', 'MODIFIER_SHA_ALL_WONDERS_BUILDER_RUSH');

INSERT INTO Modifiers (ModifierId, ModifierType, RunOnce, Permanent, NewOnly, OwnerRequirementSetId, SubjectRequirementSetId) VALUES 
('MODIFIER_SHA_ALL_WONDERS_BUILDER_RUSH', 'MODIFIER_PLAYER_ADJUST_UNIT_WONDER_PERCENT', 0, 0, 0, NULL, NULL);

INSERT INTO ModifierArguments (ModifierId, Name, Value) VALUES 
('MODIFIER_SHA_ALL_WONDERS_BUILDER_RUSH', 'Amount', '20');


-- allow accelerate all era wonder

UPDATE UnitCommands SET MaxEra = 9 WHERE CommandType = 'UNITCOMMAND_WONDER_PRODUCTION';

-- discount for Civilian Units
INSERT INTO BuildingModifiers (BuildingType, ModifierId) VALUES 
('BUILDING_MANOSABA_SCAFFOLD', 'MODIFIER_MANOSABA_SETTLER_DISCOUNT');

INSERT INTO Modifiers (ModifierId, ModifierType, RunOnce, Permanent, NewOnly, OwnerRequirementSetId, SubjectRequirementSetId) VALUES 
('MODIFIER_MANOSABA_SETTLER_DISCOUNT', 'MODIFIER_SINGLE_CITY_ADJUST_ALL_SETTLER_PURCHASE_COST', 0, 0, 0, NULL, NULL);

INSERT INTO ModifierArguments (ModifierId, Name, Value) VALUES 
('MODIFIER_MANOSABA_SETTLER_DISCOUNT', 'Amount', '15'), 
('MODIFIER_MANOSABA_SETTLER_DISCOUNT', 'UnitType', 'UNIT_SETTLER');

-- Custom ModifierType

INSERT INTO Types (Type, Kind) VALUES 
('MODIFIER_SINGLE_CITY_ADJUST_ALL_SETTLER_PURCHASE_COST', 'KIND_MODIFIER');

INSERT INTO DynamicModifiers (ModifierType, CollectionType, EffectType) VALUES 
('MODIFIER_SINGLE_CITY_ADJUST_ALL_SETTLER_PURCHASE_COST', 'COLLECTION_OWNER_CITY', 'EFFECT_ADJUST_UNIT_PURCHASE_COST');




INSERT INTO BuildingModifiers (BuildingType, ModifierId) VALUES 
('BUILDING_MANOSABA_SCAFFOLD', 'MODIFIER_MANOSABA_BUILDER_DISCOUNT');

INSERT INTO Modifiers (ModifierId, ModifierType, RunOnce, Permanent, NewOnly, OwnerRequirementSetId, SubjectRequirementSetId) VALUES 
('MODIFIER_MANOSABA_BUILDER_DISCOUNT', 'MODIFIER_SINGLE_CITY_ADJUST_ALL_BUILDER_PURCHASE_COST', 0, 0, 0, NULL, NULL);

INSERT INTO ModifierArguments (ModifierId, Name, Value) VALUES 
('MODIFIER_MANOSABA_BUILDER_DISCOUNT', 'Amount', '15'), 
('MODIFIER_MANOSABA_BUILDER_DISCOUNT', 'UnitType', 'UNIT_BUILDER');

-- Custom ModifierType

INSERT INTO Types (Type, Kind) VALUES 
('MODIFIER_SINGLE_CITY_ADJUST_ALL_BUILDER_PURCHASE_COST', 'KIND_MODIFIER');

INSERT INTO DynamicModifiers (ModifierType, CollectionType, EffectType) VALUES 
('MODIFIER_SINGLE_CITY_ADJUST_ALL_BUILDER_PURCHASE_COST', 'COLLECTION_OWNER_CITY', 'EFFECT_ADJUST_UNIT_PURCHASE_COST');



INSERT INTO BuildingModifiers (BuildingType, ModifierId) VALUES 
('BUILDING_MANOSABA_SCAFFOLD', 'MODIFIER_MANOSABA_TRADER_DISCOUNT');

INSERT INTO Modifiers (ModifierId, ModifierType, RunOnce, Permanent, NewOnly, OwnerRequirementSetId, SubjectRequirementSetId) VALUES 
('MODIFIER_MANOSABA_TRADER_DISCOUNT', 'MODIFIER_SINGLE_CITY_ADJUST_ALL_TRADER_PURCHASE_COST', 0, 0, 0, NULL, NULL);

INSERT INTO ModifierArguments (ModifierId, Name, Value) VALUES 
('MODIFIER_MANOSABA_TRADER_DISCOUNT', 'Amount', '15'), 
('MODIFIER_MANOSABA_TRADER_DISCOUNT', 'UnitType', 'UNIT_TRADER');

-- Custom ModifierType

INSERT INTO Types (Type, Kind) VALUES 
('MODIFIER_SINGLE_CITY_ADJUST_ALL_TRADER_PURCHASE_COST', 'KIND_MODIFIER');

INSERT INTO DynamicModifiers (ModifierType, CollectionType, EffectType) VALUES 
('MODIFIER_SINGLE_CITY_ADJUST_ALL_TRADER_PURCHASE_COST', 'COLLECTION_OWNER_CITY', 'EFFECT_ADJUST_UNIT_PURCHASE_COST');


-- discount for military Units

INSERT INTO BuildingModifiers (BuildingType, ModifierId) VALUES 
('BUILDING_MANOSABA_COLD_ROOM', 'MODIFIER_MANOSABA_SEA_UNIT_DISCOUNT');

INSERT INTO Modifiers (ModifierId, ModifierType, RunOnce, Permanent, NewOnly, OwnerRequirementSetId, SubjectRequirementSetId) VALUES 
('MODIFIER_MANOSABA_SEA_UNIT_DISCOUNT', 'MODIFIER_SINGLE_CITY_ADJUST_SEA_UNIT_DISCOUNT_PURCHASE_COST', 0, 0, 0, NULL, NULL);

INSERT INTO ModifierArguments (ModifierId, Name, Value) VALUES 
('MODIFIER_MANOSABA_SEA_UNIT_DISCOUNT', 'Amount', '15'), 
('MODIFIER_MANOSABA_SEA_UNIT_DISCOUNT', 'IncludeCivilian', 'False'), 
('MODIFIER_MANOSABA_SEA_UNIT_DISCOUNT', 'UnitDomain', 'DOMAIN_SEA');

-- Custom ModifierType

INSERT INTO Types (Type, Kind) VALUES 
('MODIFIER_SINGLE_CITY_ADJUST_SEA_UNIT_DISCOUNT_PURCHASE_COST', 'KIND_MODIFIER');

INSERT INTO DynamicModifiers (ModifierType, CollectionType, EffectType) VALUES 
('MODIFIER_SINGLE_CITY_ADJUST_SEA_UNIT_DISCOUNT_PURCHASE_COST', 'COLLECTION_OWNER_CITY', 'EFFECT_ADJUST_ALL_UNITS_PURCHASE_COST');




INSERT INTO BuildingModifiers (BuildingType, ModifierId) VALUES 
('BUILDING_MANOSABA_COLD_ROOM', 'MODIFIER_MANOSABA_LAND_UNIT_DISCOUNT');

INSERT INTO Modifiers (ModifierId, ModifierType, RunOnce, Permanent, NewOnly, OwnerRequirementSetId, SubjectRequirementSetId) VALUES 
('MODIFIER_MANOSABA_LAND_UNIT_DISCOUNT', 'MODIFIER_SINGLE_CITY_ADJUST_LAND_UNIT_DISCOUNT_PURCHASE_COST', 0, 0, 0, NULL, NULL);

INSERT INTO ModifierArguments (ModifierId, Name, Value) VALUES 
('MODIFIER_MANOSABA_LAND_UNIT_DISCOUNT', 'Amount', '15'), 
('MODIFIER_MANOSABA_LAND_UNIT_DISCOUNT', 'IncludeCivilian', 'False'), 
('MODIFIER_MANOSABA_LAND_UNIT_DISCOUNT', 'UnitDomain', 'DOMAIN_LAND');

-- Custom ModifierType

INSERT INTO Types (Type, Kind) VALUES 
('MODIFIER_SINGLE_CITY_ADJUST_LAND_UNIT_DISCOUNT_PURCHASE_COST', 'KIND_MODIFIER');

INSERT INTO DynamicModifiers (ModifierType, CollectionType, EffectType) VALUES 
('MODIFIER_SINGLE_CITY_ADJUST_LAND_UNIT_DISCOUNT_PURCHASE_COST', 'COLLECTION_OWNER_CITY', 'EFFECT_ADJUST_ALL_UNITS_PURCHASE_COST');

INSERT INTO TraitModifiers (TraitType, ModifierId) VALUES 
('TRAIT_CIVILIZATION_MANOSABA_PRISON_ISLAND', 'MODIFIER_MANOSABA_CAN_BUY');

INSERT INTO Modifiers (ModifierId, ModifierType, RunOnce, Permanent, NewOnly, OwnerRequirementSetId, SubjectRequirementSetId) VALUES 
('MODIFIER_MANOSABA_CAN_BUY', 'MODIFIER_CITY_ENABLE_UNIT_FAITH_PURCHASE', 0, 0, 0, NULL, NULL);

INSERT INTO ModifierArguments (ModifierId, Name, Value) VALUES 
('MODIFIER_MANOSABA_CAN_BUY', 'Tag', 'CLASS_ALL_UNITS');

INSERT INTO Modifiers (ModifierId, ModifierType, RunOnce, Permanent, NewOnly, OwnerRequirementSetId, SubjectRequirementSetId) VALUES 
('MODIFIER_MANOSABA_FAITH_BUFF', 'MODIFIER_PLAYER_CITIES_ADJUST_CITY_YIELD_MODIFIER', 0, 0, 0, NULL, NULL);

INSERT INTO ModifierArguments (ModifierId, Name, Value) VALUES 
('MODIFIER_MANOSABA_FAITH_BUFF', 'Amount', '1'), 
('MODIFIER_MANOSABA_FAITH_BUFF', 'YieldType', 'YIELD_FAITH');

-- modify Hanna civilian
-- civilian ignore terrain
-- ajust builder charge

INSERT INTO TraitModifiers (TraitType, ModifierId)
VALUES	('TRAIT_LEADER_MANOSABA_INGENUITY',	'TRAIT_HANNA_UNITS_IGNORE_TERRAIN'),
		('TRAIT_LEADER_MANOSABA_INGENUITY',	'TRAIT_ADJUST_BUILDER_CHARGES');

INSERT INTO Modifiers (ModifierId, ModifierType, SubjectRequirementSetId)
VALUES	('TRAIT_HANNA_UNITS_IGNORE_TERRAIN',	'MODIFIER_PLAYER_UNITS_ATTACH_MODIFIER',	'HANNA_UNIT_IS_CIVILIAN_REQUIREMENTS');

INSERT INTO ModifierArguments (ModifierId, Name, Value)
VALUES	('TRAIT_HANNA_UNITS_IGNORE_TERRAIN',	'ModifierId',	'MOD_IGNORE_TERRAIN_COST'	);

INSERT INTO RequirementSets (RequirementSetId, RequirementSetType)
VALUES ('HANNA_UNIT_IS_CIVILIAN_REQUIREMENTS', 'REQUIREMENTSET_TEST_ALL');

INSERT INTO RequirementSetRequirements (RequirementSetId, RequirementId)
VALUES ('HANNA_UNIT_IS_CIVILIAN_REQUIREMENTS', 'REQUIRES_CIVILIAN_UNIT_HANNA');

INSERT INTO Requirements (RequirementId, RequirementType)
VALUES ('REQUIRES_CIVILIAN_UNIT_HANNA', 'REQUIREMENT_UNIT_TAG_MATCHES');

INSERT INTO RequirementArguments (RequirementId, Name, Value)
VALUES ('REQUIRES_CIVILIAN_UNIT_HANNA', 'Tag', 'CLASS_LANDCIVILIAN');