-- Manosaba_Emergency
-- Author: Rin
-- DateCreated: 1/18/2026 8:10:06 AM
--------------------------------------------------------------
INSERT INTO Types 
		(Type,																Kind)
VALUES 	('MODIFIER_MANOSABA_EMERGENCY_PLAYER_RANDOM_TECH_BOOST_GOODY_HUT',	'KIND_MODIFIER'),
	 	('MODIFIER_MANOSABA_EMERGENCY_PLAYER_RANDOM_CIVIC_BOOST_GOODY_HUT',	'KIND_MODIFIER'),
		('MODIFIER_MANOSABA_EMERGENCY_PLAYER_GRANT_RANDOM_TECHNOLOGY',		'KIND_MODIFIER'),
	 	('MODIFIER_MANOSABA_EMERGENCY_PLAYER_GRANT_RANDOM_CIVIC',			'KIND_MODIFIER'),
		('MODIFIER_MANOSABA_EMERGENCY_PLAYER_ADJUST_GOVERNMENT_SLOTS',		'KIND_MODIFIER'),
		('EMERGENCY_MANOSABA_COMPETITION_1',								'KIND_DIPLOMACY_EMERGENCY'),
		('EMERGENCY_MANOSABA_COMPETITION_6',								'KIND_DIPLOMACY_EMERGENCY'),
		('EMERGENCY_MANOSABA_COMPETITION_7',								'KIND_DIPLOMACY_EMERGENCY'),
		('EMERGENCY_MANOSABA_COMPETITION_8',								'KIND_DIPLOMACY_EMERGENCY'),
		('EMERGENCY_MANOSABA_COMPETITION_9',								'KIND_DIPLOMACY_EMERGENCY');

INSERT INTO DynamicModifiers 
		(ModifierType,														CollectionType,								EffectType) 
VALUES	('MODIFIER_MANOSABA_EMERGENCY_PLAYER_RANDOM_TECH_BOOST_GOODY_HUT',	'COLLECTION_EMERGENCY_PLAYERS',				'EFFECT_ADJUST_PLAYER_RANDOM_TECHNOLOGY_BOOST_GOODY_HUT'),
		('MODIFIER_MANOSABA_EMERGENCY_PLAYER_RANDOM_CIVIC_BOOST_GOODY_HUT',	'COLLECTION_EMERGENCY_PLAYERS',				'EFFECT_ADJUST_PLAYER_RANDOM_CIVIC_BOOST_GOODY_HUT'),
		('MODIFIER_MANOSABA_EMERGENCY_PLAYER_GRANT_RANDOM_TECHNOLOGY',		'COLLECTION_EMERGENCY_PLAYERS',				'EFFECT_GRANT_PLAYER_RANDOM_TECHNOLOGY'),
		('MODIFIER_MANOSABA_EMERGENCY_PLAYER_GRANT_RANDOM_CIVIC',			'COLLECTION_EMERGENCY_PLAYERS',				'EFFECT_GRANT_PLAYER_RANDOM_CIVIC'),
		('MODIFIER_MANOSABA_EMERGENCY_PLAYER_ADJUST_GOVERNMENT_SLOTS',		'COLLECTION_EMERGENCY_PLAYERS',				'EFFECT_ADJUST_PLAYER_GOVERNMENT_SLOT_TYPE');

INSERT INTO EmergencyAlliances 
		(EmergencyType,								Duration,	LockoutTime,	WarOnTarget,		KillFriendship,		InformTarget,	OpenBorders,	ShareVis,	RemovesWarState,	TargetRequirementSet,								MemberRequirementSet,								Trigger,						GoalTrigger,				Name,								EmergencyText,			     GoalText)
VALUES 	('EMERGENCY_MANOSABA_COMPETITION_1',		10,			10000,			0,					0,					0,				0,				0,			0,					'MANOSABA_COMPETITION_1_TARGET_REQUIREMENTS',		'MANOSABA_COMPETITION_1_MEMBER_REQUIREMENTS',		'EMERGENCY_TRIGGER_GAME_TURN',	'EMERGENCY_TRIGGER_NONE',	'LOC_MANOSABA_COMPETITION_NAME',	'Manosaba_Competition_1',	'Manosaba_Competition_1'),
		('EMERGENCY_MANOSABA_COMPETITION_6',		10,			10000,			0,					0,					0,				0,				0,			0,					'MANOSABA_COMPETITION_6_TARGET_REQUIREMENTS',		'MANOSABA_COMPETITION_1_MEMBER_REQUIREMENTS',		'EMERGENCY_TRIGGER_GAME_TURN',	'EMERGENCY_TRIGGER_NONE',	'LOC_MANOSABA_COMPETITION_NAME',	'Manosaba_Competition_6',	'Manosaba_Competition_1'),
		('EMERGENCY_MANOSABA_COMPETITION_7',		10,			10000,			0,					0,					0,				0,				0,			0,					'MANOSABA_COMPETITION_7_TARGET_REQUIREMENTS',		'MANOSABA_COMPETITION_1_MEMBER_REQUIREMENTS',		'EMERGENCY_TRIGGER_GAME_TURN',	'EMERGENCY_TRIGGER_NONE',	'LOC_MANOSABA_COMPETITION_NAME',	'Manosaba_Competition_7',	'Manosaba_Competition_1'),
		('EMERGENCY_MANOSABA_COMPETITION_8',		10,			10000,			0,					0,					0,				0,				0,			0,					'MANOSABA_COMPETITION_8_TARGET_REQUIREMENTS',		'MANOSABA_COMPETITION_1_MEMBER_REQUIREMENTS',		'EMERGENCY_TRIGGER_GAME_TURN',	'EMERGENCY_TRIGGER_NONE',	'LOC_MANOSABA_COMPETITION_NAME',	'Manosaba_Competition_8',	'Manosaba_Competition_1'),
		('EMERGENCY_MANOSABA_COMPETITION_9',		10,			10000,			0,					0,					0,				0,				0,			0,					'MANOSABA_COMPETITION_9_TARGET_REQUIREMENTS',		'MANOSABA_COMPETITION_1_MEMBER_REQUIREMENTS',		'EMERGENCY_TRIGGER_GAME_TURN',	'EMERGENCY_TRIGGER_NONE',	'LOC_MANOSABA_COMPETITION_NAME',	'Manosaba_Competition_9',	'Manosaba_Competition_1');


INSERT INTO Emergencies_XP2 
		(EmergencyType,								Hostile,	NoTarget,	UIType,			UIBackgroundPrefix,		NoCongress)
VALUES 	('EMERGENCY_MANOSABA_COMPETITION_1',		0,			1,			'COMPETITION',	'',						1),
		('EMERGENCY_MANOSABA_COMPETITION_6',		0,			1,			'COMPETITION',	'',						1),
		('EMERGENCY_MANOSABA_COMPETITION_7',		0,			1,			'COMPETITION',	'',						1),
		('EMERGENCY_MANOSABA_COMPETITION_8',		0,			1,			'COMPETITION',	'',						1),
		('EMERGENCY_MANOSABA_COMPETITION_9',		0,			1,			'COMPETITION',	'',						1);

INSERT INTO EmergencyRewards 
		(ModifierID,									OnSuccess,		EmergencyType,							Description,												FirstPlace,		TopTier,	BottomTier)
VALUES 	('EMERGENCY_MANOSABA_COMPETITION_1_FIRST_1',	1,				'EMERGENCY_MANOSABA_COMPETITION_1',		'LOC_MANOSABA_COMPETITION_1_FIRST_1_DESCRIPTION',			1,				0,			0),
		('EMERGENCY_MANOSABA_COMPETITION_1_FIRST_2',	1,				'EMERGENCY_MANOSABA_COMPETITION_1',		NULL,														1,				0,			0),
		('EMERGENCY_MANOSABA_COMPETITION_1_FIRST_1',	1,				'EMERGENCY_MANOSABA_COMPETITION_6',		'LOC_MANOSABA_COMPETITION_1_FIRST_1_DESCRIPTION',			1,				0,			0),
		('EMERGENCY_MANOSABA_COMPETITION_1_FIRST_2',	1,				'EMERGENCY_MANOSABA_COMPETITION_6',		NULL,														1,				0,			0),
		('EMERGENCY_MANOSABA_COMPETITION_2_FIRST_1',	1,				'EMERGENCY_MANOSABA_COMPETITION_7',		'LOC_MANOSABA_COMPETITION_2_FIRST_1_DESCRIPTION',			1,				0,			0),
		('EMERGENCY_MANOSABA_COMPETITION_2_FIRST_2',	1,				'EMERGENCY_MANOSABA_COMPETITION_7',		NULL,														1,				0,			0),
		('EMERGENCY_MANOSABA_COMPETITION_4_FIRST_1',	1,				'EMERGENCY_MANOSABA_COMPETITION_8',		'LOC_MANOSABA_COMPETITION_3_FIRST_1_DESCRIPTION',			1,				0,			0),
		('EMERGENCY_MANOSABA_COMPETITION_3_FIRST_1',	1,				'EMERGENCY_MANOSABA_COMPETITION_9',		'LOC_MANOSABA_COMPETITION_4_FIRST_1_DESCRIPTION',			1,				0,			0),
		('EMERGENCY_MANOSABA_COMPETITION_3_FIRST_2',	1,				'EMERGENCY_MANOSABA_COMPETITION_9',		NULL,														1,				0,			0);

INSERT INTO EmergencyTexts 
		(Type,							Flavor,												Description,										DescriptionShorter)
VALUES 	('Manosaba_Competition_1',		'LOC_EMERGENCY_FLAVOR_MANOSABA_COMPETITION_1',		'LOC_EMERGENCY_DESCRIPTION_MANOSABA_COMPETITION_1',	'LOC_WORLD_CONGRESS_MANOSABA_COMPETITION_1_SUMMARY'),
		('Manosaba_Competition_6',		'LOC_EMERGENCY_FLAVOR_MANOSABA_COMPETITION_1',		'LOC_EMERGENCY_DESCRIPTION_MANOSABA_COMPETITION_6',	'LOC_WORLD_CONGRESS_MANOSABA_COMPETITION_6_SUMMARY'),
		('Manosaba_Competition_7',		'LOC_EMERGENCY_FLAVOR_MANOSABA_COMPETITION_1',		'LOC_EMERGENCY_DESCRIPTION_MANOSABA_COMPETITION_7',	'LOC_WORLD_CONGRESS_MANOSABA_COMPETITION_7_SUMMARY'),
		('Manosaba_Competition_8',		'LOC_EMERGENCY_FLAVOR_MANOSABA_COMPETITION_1',		'LOC_EMERGENCY_DESCRIPTION_MANOSABA_COMPETITION_8',	'LOC_WORLD_CONGRESS_MANOSABA_COMPETITION_8_SUMMARY'),
		('Manosaba_Competition_9',		'LOC_EMERGENCY_FLAVOR_MANOSABA_COMPETITION_1',		'LOC_EMERGENCY_DESCRIPTION_MANOSABA_COMPETITION_9',	'LOC_WORLD_CONGRESS_MANOSABA_COMPETITION_9_SUMMARY');

INSERT INTO EmergencyGoalTexts 
		(GoalType,						GoalDescription,							ShortGoalDescription,							TentativeGoalDescription,							ListGoal)
VALUES 	('Manosaba_Competition_1',		'LOC_EMERGENCY_GOAL_COMPETE_WITH_OTHERS',	'LOC_EMERGENCY_GOAL_SHORT_COMPETE_WITH_OTHERS',	'LOC_EMERGENCY_GOAL_TENTATIVE_COMPETE_WITH_OTHERS',	'LOC_EMERGENCY_GOAL_LIST_COMPETE_WITH_OTHERS');

INSERT INTO EmergencyBuffs
		(ModifierID,														EmergencyType,							Description)
VALUES	('COMPETITION_GRANT_PROJECT_MANOSABA_TRIAL_REASONING',				'EMERGENCY_MANOSABA_COMPETITION_1',		'LOC_EMERGENCY_MEMBER_BUFF_DESCRIPTION_ACCESS_TO_PROJECT_MANOSABA_TRIAL_REASONING'),
		('COMPETITION_GRANT_PROJECT_MANOSABA_TRIAL_PERJURY',				'EMERGENCY_MANOSABA_COMPETITION_1',		'LOC_EMERGENCY_MEMBER_BUFF_DESCRIPTION_ACCESS_TO_PROJECT_MANOSABA_TRIAL_PERJURY'),
		('COMPETITION_GRANT_PROJECT_MANOSABA_TRIAL_AGREE',					'EMERGENCY_MANOSABA_COMPETITION_1',		'LOC_EMERGENCY_MEMBER_BUFF_DESCRIPTION_ACCESS_TO_PROJECT_MANOSABA_TRIAL_AGREE'),
		('COMPETITION_GRANT_PROJECT_MANOSABA_TRIAL_SUBMIT_EVIDENCE',		'EMERGENCY_MANOSABA_COMPETITION_1',		'LOC_EMERGENCY_MEMBER_BUFF_DESCRIPTION_ACCESS_TO_PROJECT_MANOSABA_TRIAL_SUBMIT_EVIDENCE'),
		('COMPETITION_GRANT_PROJECT_MANOSABA_TRIAL_REASONING',				'EMERGENCY_MANOSABA_COMPETITION_6',		'LOC_EMERGENCY_MEMBER_BUFF_DESCRIPTION_ACCESS_TO_PROJECT_MANOSABA_TRIAL_REASONING'),
		('COMPETITION_GRANT_PROJECT_MANOSABA_TRIAL_PERJURY',				'EMERGENCY_MANOSABA_COMPETITION_6',		'LOC_EMERGENCY_MEMBER_BUFF_DESCRIPTION_ACCESS_TO_PROJECT_MANOSABA_TRIAL_PERJURY'),
		('COMPETITION_GRANT_PROJECT_MANOSABA_TRIAL_AGREE',					'EMERGENCY_MANOSABA_COMPETITION_6',		'LOC_EMERGENCY_MEMBER_BUFF_DESCRIPTION_ACCESS_TO_PROJECT_MANOSABA_TRIAL_AGREE'),
		('COMPETITION_GRANT_PROJECT_MANOSABA_TRIAL_SUBMIT_EVIDENCE',		'EMERGENCY_MANOSABA_COMPETITION_6',		'LOC_EMERGENCY_MEMBER_BUFF_DESCRIPTION_ACCESS_TO_PROJECT_MANOSABA_TRIAL_SUBMIT_EVIDENCE'),
		('COMPETITION_GRANT_PROJECT_MANOSABA_TRIAL_REASONING',				'EMERGENCY_MANOSABA_COMPETITION_7',		'LOC_EMERGENCY_MEMBER_BUFF_DESCRIPTION_ACCESS_TO_PROJECT_MANOSABA_TRIAL_REASONING'),
		('COMPETITION_GRANT_PROJECT_MANOSABA_TRIAL_PERJURY',				'EMERGENCY_MANOSABA_COMPETITION_7',		'LOC_EMERGENCY_MEMBER_BUFF_DESCRIPTION_ACCESS_TO_PROJECT_MANOSABA_TRIAL_PERJURY'),
		('COMPETITION_GRANT_PROJECT_MANOSABA_TRIAL_AGREE',					'EMERGENCY_MANOSABA_COMPETITION_7',		'LOC_EMERGENCY_MEMBER_BUFF_DESCRIPTION_ACCESS_TO_PROJECT_MANOSABA_TRIAL_AGREE'),
		('COMPETITION_GRANT_PROJECT_MANOSABA_TRIAL_SUBMIT_EVIDENCE',		'EMERGENCY_MANOSABA_COMPETITION_7',		'LOC_EMERGENCY_MEMBER_BUFF_DESCRIPTION_ACCESS_TO_PROJECT_MANOSABA_TRIAL_SUBMIT_EVIDENCE'),
		('COMPETITION_GRANT_PROJECT_MANOSABA_TRIAL_REASONING',				'EMERGENCY_MANOSABA_COMPETITION_8',		'LOC_EMERGENCY_MEMBER_BUFF_DESCRIPTION_ACCESS_TO_PROJECT_MANOSABA_TRIAL_REASONING'),
		('COMPETITION_GRANT_PROJECT_MANOSABA_TRIAL_PERJURY',				'EMERGENCY_MANOSABA_COMPETITION_8',		'LOC_EMERGENCY_MEMBER_BUFF_DESCRIPTION_ACCESS_TO_PROJECT_MANOSABA_TRIAL_PERJURY'),
		('COMPETITION_GRANT_PROJECT_MANOSABA_TRIAL_AGREE',					'EMERGENCY_MANOSABA_COMPETITION_8',		'LOC_EMERGENCY_MEMBER_BUFF_DESCRIPTION_ACCESS_TO_PROJECT_MANOSABA_TRIAL_AGREE'),
		('COMPETITION_GRANT_PROJECT_MANOSABA_TRIAL_SUBMIT_EVIDENCE',		'EMERGENCY_MANOSABA_COMPETITION_8',		'LOC_EMERGENCY_MEMBER_BUFF_DESCRIPTION_ACCESS_TO_PROJECT_MANOSABA_TRIAL_SUBMIT_EVIDENCE'),
		('COMPETITION_GRANT_PROJECT_MANOSABA_TRIAL_REASONING',				'EMERGENCY_MANOSABA_COMPETITION_9',		'LOC_EMERGENCY_MEMBER_BUFF_DESCRIPTION_ACCESS_TO_PROJECT_MANOSABA_TRIAL_REASONING'),
		('COMPETITION_GRANT_PROJECT_MANOSABA_TRIAL_PERJURY',				'EMERGENCY_MANOSABA_COMPETITION_9',		'LOC_EMERGENCY_MEMBER_BUFF_DESCRIPTION_ACCESS_TO_PROJECT_MANOSABA_TRIAL_PERJURY'),
		('COMPETITION_GRANT_PROJECT_MANOSABA_TRIAL_AGREE',					'EMERGENCY_MANOSABA_COMPETITION_9',		'LOC_EMERGENCY_MEMBER_BUFF_DESCRIPTION_ACCESS_TO_PROJECT_MANOSABA_TRIAL_AGREE'),
		('COMPETITION_GRANT_PROJECT_MANOSABA_TRIAL_SUBMIT_EVIDENCE',		'EMERGENCY_MANOSABA_COMPETITION_9',		'LOC_EMERGENCY_MEMBER_BUFF_DESCRIPTION_ACCESS_TO_PROJECT_MANOSABA_TRIAL_SUBMIT_EVIDENCE');

INSERT INTO EmergencyScoreSources
		(ScoreSourceType,																		EmergencyType,						 FromGreatPerson,								FromDistrict,		FromProject,								ScoreAmount,	Description)
VALUES 	('EMERGENCY_MANOSABA_COMPETITION_1_SCORE_FROM_PROJECT_MANOSABA_TRIAL_REASONING',		'EMERGENCY_MANOSABA_COMPETITION_1',	NULL,											NULL,				'PROJECT_MANOSABA_TRIAL_REASONING',			0,				'LOC_EMERGENCY_SCORE_MANOSABA_COMPETITION_TRIAL_REASONING_DESC'),
		('EMERGENCY_MANOSABA_COMPETITION_1_SCORE_FROM_PROJECT_MANOSABA_TRIAL_PERJURY',			'EMERGENCY_MANOSABA_COMPETITION_1',	NULL,											NULL,				'PROJECT_MANOSABA_TRIAL_PERJURY',			0,				'LOC_EMERGENCY_SCORE_MANOSABA_COMPETITION_TRIAL_PERJURY_DESC'),
		('EMERGENCY_MANOSABA_COMPETITION_1_SCORE_FROM_PROJECT_MANOSABA_TRIAL_AGREE',			'EMERGENCY_MANOSABA_COMPETITION_1',	NULL,											NULL,				'PROJECT_MANOSABA_TRIAL_AGREE',				0,				'LOC_EMERGENCY_SCORE_MANOSABA_COMPETITION_TRIAL_AGREE_DESC'),
		('EMERGENCY_MANOSABA_COMPETITION_1_SCORE_FROM_PROJECT_MANOSABA_TRIAL_SUBMIT_EVIDENCE',	'EMERGENCY_MANOSABA_COMPETITION_1',	NULL,											NULL,				'PROJECT_MANOSABA_TRIAL_SUBMIT_EVIDENCE',	0,				'LOC_EMERGENCY_SCORE_MANOSABA_COMPETITION_TRIAL_SUBMIT_EVIDENCE_DESC'),
		('EMERGENCY_MANOSABA_COMPETITION_1_SCORE_FROM_GREATPERSON',								'EMERGENCY_MANOSABA_COMPETITION_1',	'GREAT_PERSON_CLASS_MANOSABA_EMERGENCY',		NULL,				NULL,										1,				'LOC_EMERGENCY_SCORE_MANOSABA_COMPETITION_1_DESC_1'),
		('EMERGENCY_MANOSABA_COMPETITION_6_SCORE_FROM_PROJECT_MANOSABA_TRIAL_REASONING',		'EMERGENCY_MANOSABA_COMPETITION_6',	NULL,											NULL,				'PROJECT_MANOSABA_TRIAL_REASONING',			0,				'LOC_EMERGENCY_SCORE_MANOSABA_COMPETITION_TRIAL_REASONING_DESC'),
		('EMERGENCY_MANOSABA_COMPETITION_6_SCORE_FROM_PROJECT_MANOSABA_TRIAL_PERJURY',			'EMERGENCY_MANOSABA_COMPETITION_6',	NULL,											NULL,				'PROJECT_MANOSABA_TRIAL_PERJURY',			0,				'LOC_EMERGENCY_SCORE_MANOSABA_COMPETITION_TRIAL_PERJURY_DESC'),
		('EMERGENCY_MANOSABA_COMPETITION_6_SCORE_FROM_PROJECT_MANOSABA_TRIAL_AGREE',			'EMERGENCY_MANOSABA_COMPETITION_6',	NULL,											NULL,				'PROJECT_MANOSABA_TRIAL_AGREE',				0,				'LOC_EMERGENCY_SCORE_MANOSABA_COMPETITION_TRIAL_AGREE_DESC'),
		('EMERGENCY_MANOSABA_COMPETITION_6_SCORE_FROM_PROJECT_MANOSABA_TRIAL_SUBMIT_EVIDENCE',	'EMERGENCY_MANOSABA_COMPETITION_6',	NULL,											NULL,				'PROJECT_MANOSABA_TRIAL_SUBMIT_EVIDENCE',	0,				'LOC_EMERGENCY_SCORE_MANOSABA_COMPETITION_TRIAL_SUBMIT_EVIDENCE_DESC'),
		('EMERGENCY_MANOSABA_COMPETITION_6_SCORE_FROM_GREATPERSON',								'EMERGENCY_MANOSABA_COMPETITION_6',	'GREAT_PERSON_CLASS_MANOSABA_EMERGENCY_6',		NULL,				NULL,										1,				'LOC_EMERGENCY_SCORE_MANOSABA_COMPETITION_1_DESC_1'),
		('EMERGENCY_MANOSABA_COMPETITION_7_SCORE_FROM_PROJECT_MANOSABA_TRIAL_REASONING',		'EMERGENCY_MANOSABA_COMPETITION_7',	NULL,											NULL,				'PROJECT_MANOSABA_TRIAL_REASONING',			0,				'LOC_EMERGENCY_SCORE_MANOSABA_COMPETITION_TRIAL_REASONING_DESC'),
		('EMERGENCY_MANOSABA_COMPETITION_7_SCORE_FROM_PROJECT_MANOSABA_TRIAL_PERJURY',			'EMERGENCY_MANOSABA_COMPETITION_7',	NULL,											NULL,				'PROJECT_MANOSABA_TRIAL_PERJURY',			0,				'LOC_EMERGENCY_SCORE_MANOSABA_COMPETITION_TRIAL_PERJURY_DESC'),
		('EMERGENCY_MANOSABA_COMPETITION_7_SCORE_FROM_PROJECT_MANOSABA_TRIAL_AGREE',			'EMERGENCY_MANOSABA_COMPETITION_7',	NULL,											NULL,				'PROJECT_MANOSABA_TRIAL_AGREE',				0,				'LOC_EMERGENCY_SCORE_MANOSABA_COMPETITION_TRIAL_AGREE_DESC'),
		('EMERGENCY_MANOSABA_COMPETITION_7_SCORE_FROM_PROJECT_MANOSABA_TRIAL_SUBMIT_EVIDENCE',	'EMERGENCY_MANOSABA_COMPETITION_7',	NULL,											NULL,				'PROJECT_MANOSABA_TRIAL_SUBMIT_EVIDENCE',	0,				'LOC_EMERGENCY_SCORE_MANOSABA_COMPETITION_TRIAL_SUBMIT_EVIDENCE_DESC'),
		('EMERGENCY_MANOSABA_COMPETITION_7_SCORE_FROM_GREATPERSON',								'EMERGENCY_MANOSABA_COMPETITION_7',	'GREAT_PERSON_CLASS_MANOSABA_EMERGENCY_7',		NULL,				NULL,										1,				'LOC_EMERGENCY_SCORE_MANOSABA_COMPETITION_1_DESC_1'),
		('EMERGENCY_MANOSABA_COMPETITION_8_SCORE_FROM_PROJECT_MANOSABA_TRIAL_REASONING',		'EMERGENCY_MANOSABA_COMPETITION_8',	NULL,											NULL,				'PROJECT_MANOSABA_TRIAL_REASONING',			0,				'LOC_EMERGENCY_SCORE_MANOSABA_COMPETITION_TRIAL_REASONING_DESC'),
		('EMERGENCY_MANOSABA_COMPETITION_8_SCORE_FROM_PROJECT_MANOSABA_TRIAL_PERJURY',			'EMERGENCY_MANOSABA_COMPETITION_8',	NULL,											NULL,				'PROJECT_MANOSABA_TRIAL_PERJURY',			0,				'LOC_EMERGENCY_SCORE_MANOSABA_COMPETITION_TRIAL_PERJURY_DESC'),
		('EMERGENCY_MANOSABA_COMPETITION_8_SCORE_FROM_PROJECT_MANOSABA_TRIAL_AGREE',			'EMERGENCY_MANOSABA_COMPETITION_8',	NULL,											NULL,				'PROJECT_MANOSABA_TRIAL_AGREE',				0,				'LOC_EMERGENCY_SCORE_MANOSABA_COMPETITION_TRIAL_AGREE_DESC'),
		('EMERGENCY_MANOSABA_COMPETITION_8_SCORE_FROM_PROJECT_MANOSABA_TRIAL_SUBMIT_EVIDENCE',	'EMERGENCY_MANOSABA_COMPETITION_8',	NULL,											NULL,				'PROJECT_MANOSABA_TRIAL_SUBMIT_EVIDENCE',	0,				'LOC_EMERGENCY_SCORE_MANOSABA_COMPETITION_TRIAL_SUBMIT_EVIDENCE_DESC'),
		('EMERGENCY_MANOSABA_COMPETITION_8_SCORE_FROM_GREATPERSON',								'EMERGENCY_MANOSABA_COMPETITION_8',	'GREAT_PERSON_CLASS_MANOSABA_EMERGENCY_8',		NULL,				NULL,										1,				'LOC_EMERGENCY_SCORE_MANOSABA_COMPETITION_1_DESC_1'),
		('EMERGENCY_MANOSABA_COMPETITION_9_SCORE_FROM_PROJECT_MANOSABA_TRIAL_REASONING',		'EMERGENCY_MANOSABA_COMPETITION_9',	NULL,											NULL,				'PROJECT_MANOSABA_TRIAL_REASONING',			0,				'LOC_EMERGENCY_SCORE_MANOSABA_COMPETITION_TRIAL_REASONING_DESC'),
		('EMERGENCY_MANOSABA_COMPETITION_9_SCORE_FROM_PROJECT_MANOSABA_TRIAL_PERJURY',			'EMERGENCY_MANOSABA_COMPETITION_9',	NULL,											NULL,				'PROJECT_MANOSABA_TRIAL_PERJURY',			0,				'LOC_EMERGENCY_SCORE_MANOSABA_COMPETITION_TRIAL_PERJURY_DESC'),
		('EMERGENCY_MANOSABA_COMPETITION_9_SCORE_FROM_PROJECT_MANOSABA_TRIAL_AGREE',			'EMERGENCY_MANOSABA_COMPETITION_9',	NULL,											NULL,				'PROJECT_MANOSABA_TRIAL_AGREE',				0,				'LOC_EMERGENCY_SCORE_MANOSABA_COMPETITION_TRIAL_AGREE_DESC'),
		('EMERGENCY_MANOSABA_COMPETITION_9_SCORE_FROM_PROJECT_MANOSABA_TRIAL_SUBMIT_EVIDENCE',	'EMERGENCY_MANOSABA_COMPETITION_9',	NULL,											NULL,				'PROJECT_MANOSABA_TRIAL_SUBMIT_EVIDENCE',	0,				'LOC_EMERGENCY_SCORE_MANOSABA_COMPETITION_TRIAL_SUBMIT_EVIDENCE_DESC'),
		('EMERGENCY_MANOSABA_COMPETITION_9_SCORE_FROM_GREATPERSON',								'EMERGENCY_MANOSABA_COMPETITION_9',	'GREAT_PERSON_CLASS_MANOSABA_EMERGENCY_9',		NULL,				NULL,										1,				'LOC_EMERGENCY_SCORE_MANOSABA_COMPETITION_1_DESC_1');


INSERT INTO Modifiers 
		(ModifierId,										ModifierType,															RunOnce,	Permanent,	NewOnly,	SubjectRequirementSetId) 
VALUES	('EMERGENCY_MANOSABA_COMPETITION_1_FIRST_1',		'MODIFIER_EMERGENCY_CAPITALS_GRANT_UNIT',								0,			0,			0,			'SCORED_COMPETITION_FIRST_PLACE_REQUIREMENTS'),
		('EMERGENCY_MANOSABA_COMPETITION_1_FIRST_2',		'MODIFIER_EMERGENCY_CAPITALS_GRANT_UNIT',								0,			0,			0,			'SCORED_COMPETITION_FIRST_PLACE_REQUIREMENTS'),
		('EMERGENCY_MANOSABA_COMPETITION_2_FIRST_1',		'MODIFIER_MANOSABA_EMERGENCY_PLAYER_RANDOM_TECH_BOOST_GOODY_HUT',		0,			0,			0,			'SCORED_COMPETITION_FIRST_PLACE_REQUIREMENTS'),
		('EMERGENCY_MANOSABA_COMPETITION_2_FIRST_2',		'MODIFIER_MANOSABA_EMERGENCY_PLAYER_RANDOM_CIVIC_BOOST_GOODY_HUT',		0,			0,			0,			'SCORED_COMPETITION_FIRST_PLACE_REQUIREMENTS'),
		('EMERGENCY_MANOSABA_COMPETITION_3_FIRST_1',		'MODIFIER_MANOSABA_EMERGENCY_PLAYER_GRANT_RANDOM_TECHNOLOGY',			0,			0,			0,			'SCORED_COMPETITION_FIRST_PLACE_REQUIREMENTS'),
		('EMERGENCY_MANOSABA_COMPETITION_3_FIRST_2',		'MODIFIER_MANOSABA_EMERGENCY_PLAYER_GRANT_RANDOM_CIVIC',				0,			0,			0,			'SCORED_COMPETITION_FIRST_PLACE_REQUIREMENTS'),
		('EMERGENCY_MANOSABA_COMPETITION_4_FIRST_1',		'MODIFIER_MANOSABA_EMERGENCY_PLAYER_ADJUST_GOVERNMENT_SLOTS',			0,			0,			0,			'SCORED_COMPETITION_FIRST_PLACE_REQUIREMENTS');


INSERT INTO ModifierArguments 
		(ModifierId,										Name,						Value) 
VALUES	('EMERGENCY_MANOSABA_COMPETITION_1_FIRST_1',		'UnitType',					'UNIT_SETTLER'),
		('EMERGENCY_MANOSABA_COMPETITION_1_FIRST_1',		'Amount',					'1'),
		('EMERGENCY_MANOSABA_COMPETITION_1_FIRST_2',		'UnitType',					'UNIT_BUILDER'),
		('EMERGENCY_MANOSABA_COMPETITION_1_FIRST_2',		'Amount',					'1'),
		('EMERGENCY_MANOSABA_COMPETITION_2_FIRST_1',		'Amount',					'3'),
		('EMERGENCY_MANOSABA_COMPETITION_2_FIRST_2',		'Amount',					'3'),
		('EMERGENCY_MANOSABA_COMPETITION_3_FIRST_1',		'Amount',					'3'),
		('EMERGENCY_MANOSABA_COMPETITION_3_FIRST_2',		'Amount',					'3'),
		('EMERGENCY_MANOSABA_COMPETITION_4_FIRST_1',		'GovernmentSlotType',		'SLOT_WILDCARD');
		--('EMERGENCY_MANOSABA_COMPETITION_4_FIRST_1',		'Amount',					'3');

INSERT INTO RequirementSets 
		(RequirementSetId,										RequirementSetType) 
VALUES	('MANOSABA_COMPETITION_1_TARGET_REQUIREMENTS',			'REQUIREMENTSET_TEST_ALL'),
		('MANOSABA_COMPETITION_1_MEMBER_REQUIREMENTS',			'REQUIREMENTSET_TEST_ALL'),
		('MANOSABA_COMPETITION_6_TARGET_REQUIREMENTS',			'REQUIREMENTSET_TEST_ALL'),
		('MANOSABA_COMPETITION_7_TARGET_REQUIREMENTS',			'REQUIREMENTSET_TEST_ALL'),
		('MANOSABA_COMPETITION_8_TARGET_REQUIREMENTS',			'REQUIREMENTSET_TEST_ALL'),
		('MANOSABA_COMPETITION_9_TARGET_REQUIREMENTS',			'REQUIREMENTSET_TEST_ALL');


INSERT INTO RequirementSetRequirements 
		(RequirementSetId,										RequirementId) 
VALUES	('MANOSABA_COMPETITION_1_TARGET_REQUIREMENTS',			'REQUIRES_MANOSABA_GAME_20_TURNS_IN'),
		('MANOSABA_COMPETITION_1_TARGET_REQUIREMENTS',			'REQUIRES_MANOSABA_IN_GAME'),
		('MANOSABA_COMPETITION_1_MEMBER_REQUIREMENTS',			'REQUIRES_PLAYER_IS_EMERGENCY_MEMBER'),
		('MANOSABA_COMPETITION_6_TARGET_REQUIREMENTS',			'REQUIRES_MANOSABA_GAME_25_TURNS_IN'),
		('MANOSABA_COMPETITION_6_TARGET_REQUIREMENTS',			'REQUIRES_MANOSABA_IN_GAME'),
		('MANOSABA_COMPETITION_7_TARGET_REQUIREMENTS',			'REQUIRES_MANOSABA_GAME_50_TURNS_IN'),
		('MANOSABA_COMPETITION_7_TARGET_REQUIREMENTS',			'REQUIRES_MANOSABA_IN_GAME'),
		('MANOSABA_COMPETITION_8_TARGET_REQUIREMENTS',			'REQUIRES_MANOSABA_GAME_75_TURNS_IN'),
		('MANOSABA_COMPETITION_8_TARGET_REQUIREMENTS',			'REQUIRES_MANOSABA_IN_GAME'),
		('MANOSABA_COMPETITION_9_TARGET_REQUIREMENTS',			'REQUIRES_MANOSABA_GAME_100_TURNS_IN'),
		('MANOSABA_COMPETITION_9_TARGET_REQUIREMENTS',			'REQUIRES_MANOSABA_IN_GAME');


INSERT INTO Requirements 
		(RequirementId,									RequirementType) 
VALUES	('REQUIRES_MANOSABA_GAME_20_TURNS_IN',			'REQUIREMENT_GAME_TURN_ATLEAST'),
		('REQUIRES_MANOSABA_GAME_25_TURNS_IN',			'REQUIREMENT_GAME_TURN_ATLEAST'),
		('REQUIRES_MANOSABA_GAME_50_TURNS_IN',			'REQUIREMENT_GAME_TURN_ATLEAST'),
		('REQUIRES_MANOSABA_GAME_75_TURNS_IN',			'REQUIREMENT_GAME_TURN_ATLEAST'),
		('REQUIRES_MANOSABA_GAME_100_TURNS_IN',			'REQUIREMENT_GAME_TURN_ATLEAST'),
		('REQUIRES_MANOSABA_IN_GAME',					'REQUIREMENT_GAME_HAS_CIVILIZATION_OR_LEADER_TRAIT');

INSERT INTO RequirementArguments 
		(RequirementId,								Name,					Value) 
VALUES	('REQUIRES_MANOSABA_GAME_20_TURNS_IN',		'MinGameTurn',			'500'),
		('REQUIRES_MANOSABA_GAME_20_TURNS_IN',		'AdjustForGameSpeed',	'1'),
		('REQUIRES_MANOSABA_IN_GAME',				'TraitType',			'TRAIT_CIVILIZATION_MANOSABA_PRISON_ISLAND'),
		('REQUIRES_MANOSABA_GAME_25_TURNS_IN',		'MinGameTurn',			'25'),
		('REQUIRES_MANOSABA_GAME_25_TURNS_IN',		'AdjustForGameSpeed',	'1'),
		('REQUIRES_MANOSABA_GAME_50_TURNS_IN',		'MinGameTurn',			'50'),
		('REQUIRES_MANOSABA_GAME_50_TURNS_IN',		'AdjustForGameSpeed',	'1'),
		('REQUIRES_MANOSABA_GAME_75_TURNS_IN',		'MinGameTurn',			'75'),
		('REQUIRES_MANOSABA_GAME_75_TURNS_IN',		'AdjustForGameSpeed',	'1'),
		('REQUIRES_MANOSABA_GAME_100_TURNS_IN',		'MinGameTurn',			'100'),
		('REQUIRES_MANOSABA_GAME_100_TURNS_IN',		'AdjustForGameSpeed',	'1');