-- Manosaba_Modifier
-- Author: Rin
-- DateCreated: 1/16/2026 8:30:30 PM
--------------------------------------------------------------

INSERT INTO TraitModifiers 
		(TraitType,								ModifierId) 
VALUES	('TRAIT_CIVILIZATION_MANOSABA_PRISON_ISLAND', 'MODIFIER_MANOSABA_PALACE_ADD_SLOT');

INSERT INTO Modifiers 
		(ModifierId,								ModifierType		)									
VALUES	('MODIFIER_MANOSABA_PALACE_ADD_SLOT',		'MODIFIER_PLAYER_CITIES_ADJUST_EXTRA_GREAT_WORK_SLOTS');


INSERT INTO ModifierArguments 
		(ModifierId,							Name,						Value) 
VALUES	('MODIFIER_MANOSABA_PALACE_ADD_SLOT',	'Amount',					3), 
		('MODIFIER_MANOSABA_PALACE_ADD_SLOT',	'BuildingType',				'BUILDING_PALACE'), 
		('MODIFIER_MANOSABA_PALACE_ADD_SLOT',	'GreatWorkSlotType',		'GREATWORKSLOT_RELIC');

INSERT INTO DistrictModifiers (DistrictType, ModifierId) VALUES 
("DISTRICT_MANOSABA_COURT", "MANOSABA_DISTRICT_COURT_YIELD_CULTURE_MODIFIER");

INSERT INTO Modifiers (ModifierId, ModifierType, RunOnce, Permanent, NewOnly, OwnerRequirementSetId, SubjectRequirementSetId) VALUES 
("MANOSABA_DISTRICT_COURT_YIELD_CULTURE_MODIFIER", "MODIFIER_PLAYER_DISTRICT_ADJUST_BASE_YIELD_CHANGE", 0, 0, 0, NULL, NULL);

INSERT INTO ModifierArguments (ModifierId, Name, Value) VALUES 
("MANOSABA_DISTRICT_COURT_YIELD_CULTURE_MODIFIER", "Amount", 3), 
("MANOSABA_DISTRICT_COURT_YIELD_CULTURE_MODIFIER", "YieldType", "YIELD_CULTURE");

-- Change Shrine name and icon
UPDATE Buildings SET Name = 'LOC_BUILDING_MANOSABA_SCAFFOLD_NAME'
WHERE BuildingType = 'BUILDING_SHRINE';

UPDATE Buildings SET Name = 'LOC_BUILDING_BUILDING_COLD_ROOM_NAME'
WHERE BuildingType = 'BUILDING_TEMPLE';

INSERT INTO TraitModifiers (TraitType, ModifierId) VALUES 
('TRAIT_CIVILIZATION_MANOSABA_PRISON_ISLAND', "MODIFIER_MANOSABA_SHRINE_ADD_SLOT");

INSERT INTO Modifiers (ModifierId, ModifierType, RunOnce, Permanent, NewOnly, OwnerRequirementSetId, SubjectRequirementSetId) VALUES 
("MODIFIER_MANOSABA_SHRINE_ADD_SLOT", "MODIFIER_PLAYER_CITIES_ADJUST_EXTRA_GREAT_WORK_SLOTS", 0, 0, 0, NULL, NULL);

INSERT INTO ModifierArguments (ModifierId, Name, Value) VALUES 
("MODIFIER_MANOSABA_SHRINE_ADD_SLOT", "Amount", 3), 
("MODIFIER_MANOSABA_SHRINE_ADD_SLOT", "BuildingType", "BUILDING_SHRINE"), 
("MODIFIER_MANOSABA_SHRINE_ADD_SLOT", "GreatWorkSlotType", "GREATWORKSLOT_RELIC");

INSERT INTO TraitModifiers (TraitType, ModifierId) VALUES 
('TRAIT_CIVILIZATION_MANOSABA_PRISON_ISLAND', "MODIFIER_MANOSABA_TEMPLE_ADD_SLOT");

INSERT INTO Modifiers (ModifierId, ModifierType, RunOnce, Permanent, NewOnly, OwnerRequirementSetId, SubjectRequirementSetId) VALUES 
("MODIFIER_MANOSABA_TEMPLE_ADD_SLOT", "MODIFIER_PLAYER_CITIES_ADJUST_EXTRA_GREAT_WORK_SLOTS", 0, 0, 0, NULL, NULL);

INSERT INTO ModifierArguments (ModifierId, Name, Value) VALUES 
("MODIFIER_MANOSABA_TEMPLE_ADD_SLOT", "Amount", 3), 
("MODIFIER_MANOSABA_TEMPLE_ADD_SLOT", "BuildingType", "BUILDING_TEMPLE"), 
("MODIFIER_MANOSABA_TEMPLE_ADD_SLOT", "GreatWorkSlotType", "GREATWORKSLOT_RELIC");